id_store_bank;tx_createdate;tx_status;tx_company_code;tx_gl_account;tx_store_bank_code;tx_store_code
1;2023-07-16 13:00:39;CREATED;AZALEIA;1041102;193-1019818-0-90;ST002
2;2023-07-16 13:00:39;CREATED;AZALEIA;1041102;193-1019818-0-90;ST003
3;2023-07-16 13:00:39;CREATED;AZALEIA;1041102;193-1019818-0-90;ST004
4;2023-07-16 13:00:39;CREATED;AZALEIA;1041102;193-1019818-0-90;ST007
5;2023-07-16 13:00:39;CREATED;AZALEIA;1041102;193-1019818-0-90;ST008
6;2023-07-16 13:00:39;CREATED;AZALEIA;1041102;193-1019818-0-90;ST016
7;2023-07-16 13:00:39;CREATED;AZALEIA;1041102;193-1019818-0-90;ST020
8;2023-07-16 13:00:39;CREATED;AZALEIA;1041102;193-1019818-0-90;ST022
9;2023-07-16 13:00:39;CREATED;AZALEIA;1041102;193-1019818-0-90;ST023
10;2023-07-16 13:00:39;CREATED;AZALEIA;1041102;193-1019818-0-90;ST024
11;2023-07-16 13:00:39;CREATED;AZALEIA;1041102;193-1019818-0-90;ST025
12;2023-07-16 13:00:39;CREATED;AZALEIA;1041102;193-1019818-0-90;ST029
13;2023-07-16 13:00:39;CREATED;AZALEIA;1041102;193-1019818-0-90;ST032
14;2023-07-16 13:00:39;CREATED;AZALEIA;1041102;193-1019818-0-90;ST036
15;2023-07-16 13:00:39;CREATED;AZALEIA;1041102;193-1019818-0-90;ST038
16;2023-07-16 13:00:39;CREATED;AZALEIA;1041102;193-1019818-0-90;ST040
17;2023-07-16 13:00:39;CREATED;AZALEIA;1041102;193-1019818-0-90;ST043
18;2023-07-16 13:00:39;CREATED;AZALEIA;1041102;193-1019818-0-90;ST044
19;2023-07-16 13:00:39;CREATED;AZALEIA;1041102;193-1019818-0-90;ST046
20;2023-07-16 13:00:39;CREATED;AZALEIA;1041102;193-1019818-0-90;ST048
21;2023-07-16 13:00:39;CREATED;AZALEIA;1041102;193-1019818-0-90;ST050
22;2023-07-16 13:00:39;CREATED;AZALEIA;1041102;193-1019818-0-90;ST054
23;2023-07-16 13:00:39;CREATED;AZALEIA;1041102;193-1019818-0-90;ST056
24;2023-07-16 13:00:39;CREATED;AZALEIA;1041102;193-1019818-0-90;ST057
25;2023-07-16 13:00:39;CREATED;AZALEIA;1041102;193-1019818-0-90;ST059
26;2023-07-16 13:00:39;CREATED;AZALEIA;1041102;193-1019818-0-90;ST060
27;2023-07-16 13:00:39;CREATED;AZALEIA;1041102;193-1019818-0-90;ST061
28;2023-07-16 13:00:39;CREATED;AZALEIA;1041102;193-1019818-0-90;ST062
29;2023-07-16 13:00:39;CREATED;AZALEIA;1041103;193-1976259-0-10;ST023
30;2023-07-16 13:00:39;CREATED;AZALEIA;1041104;000-5879370;ST002
31;2023-07-16 13:00:39;CREATED;AZALEIA;1041104;000-5879370;ST003
32;2023-07-16 13:00:39;CREATED;AZALEIA;1041104;000-5879370;ST004
33;2023-07-16 13:00:39;CREATED;AZALEIA;1041104;000-5879370;ST007
34;2023-07-16 13:00:39;CREATED;AZALEIA;1041104;000-5879370;ST008
35;2023-07-16 13:00:39;CREATED;AZALEIA;1041104;000-5879370;ST016
36;2023-07-16 13:00:39;CREATED;AZALEIA;1041104;000-5879370;ST020
37;2023-07-16 13:00:39;CREATED;AZALEIA;1041104;000-5879370;ST022
38;2023-07-16 13:00:39;CREATED;AZALEIA;1041104;000-5879370;ST023
39;2023-07-16 13:00:39;CREATED;AZALEIA;1041104;000-5879370;ST024
40;2023-07-16 13:00:39;CREATED;AZALEIA;1041104;000-5879370;ST025
41;2023-07-16 13:00:39;CREATED;AZALEIA;1041104;000-5879370;ST029
42;2023-07-16 13:00:39;CREATED;AZALEIA;1041104;000-5879370;ST032
43;2023-07-16 13:00:39;CREATED;AZALEIA;1041104;000-5879370;ST036
44;2023-07-16 13:00:39;CREATED;AZALEIA;1041104;000-5879370;ST038
45;2023-07-16 13:00:39;CREATED;AZALEIA;1041104;000-5879370;ST040
46;2023-07-16 13:00:39;CREATED;AZALEIA;1041104;000-5879370;ST043
47;2023-07-16 13:00:39;CREATED;AZALEIA;1041104;000-5879370;ST044
48;2023-07-16 13:00:39;CREATED;AZALEIA;1041104;000-5879370;ST046
49;2023-07-16 13:00:39;CREATED;AZALEIA;1041104;000-5879370;ST048
50;2023-07-16 13:00:39;CREATED;AZALEIA;1041104;000-5879370;ST050
51;2023-07-16 13:00:39;CREATED;AZALEIA;1041104;000-5879370;ST054
52;2023-07-16 13:00:39;CREATED;AZALEIA;1041104;000-5879370;ST056
53;2023-07-16 13:00:39;CREATED;AZALEIA;1041104;000-5879370;ST057
54;2023-07-16 13:00:39;CREATED;AZALEIA;1041104;000-5879370;ST059
55;2023-07-16 13:00:39;CREATED;AZALEIA;1041104;000-5879370;ST060
56;2023-07-16 13:00:39;CREATED;AZALEIA;1041104;000-5879370;ST061
57;2023-07-16 13:00:39;CREATED;AZALEIA;1041104;000-5879370;ST062
58;2023-07-16 13:00:39;CREATED;AZALEIA;1041106;193-1564066-0-45;ST004
59;2023-07-16 13:00:39;CREATED;AZALEIA;1041107;011-0949-01-00005778;ST002
60;2023-07-16 13:00:39;CREATED;AZALEIA;1041107;011-0949-01-00005778;ST003
61;2023-07-16 13:00:39;CREATED;AZALEIA;1041107;011-0949-01-00005778;ST004
62;2023-07-16 13:00:39;CREATED;AZALEIA;1041107;011-0949-01-00005778;ST007
63;2023-07-16 13:00:39;CREATED;AZALEIA;1041107;011-0949-01-00005778;ST008
64;2023-07-16 13:00:39;CREATED;AZALEIA;1041107;011-0949-01-00005778;ST016
65;2023-07-16 13:00:39;CREATED;AZALEIA;1041107;011-0949-01-00005778;ST020
66;2023-07-16 13:00:39;CREATED;AZALEIA;1041107;011-0949-01-00005778;ST022
67;2023-07-16 13:00:39;CREATED;AZALEIA;1041107;011-0949-01-00005778;ST023
68;2023-07-16 13:00:39;CREATED;AZALEIA;1041107;011-0949-01-00005778;ST024
69;2023-07-16 13:00:39;CREATED;AZALEIA;1041107;011-0949-01-00005778;ST025
70;2023-07-16 13:00:39;CREATED;AZALEIA;1041107;011-0949-01-00005778;ST029
71;2023-07-16 13:00:39;CREATED;AZALEIA;1041107;011-0949-01-00005778;ST032
72;2023-07-16 13:00:39;CREATED;AZALEIA;1041107;011-0949-01-00005778;ST036
73;2023-07-16 13:00:39;CREATED;AZALEIA;1041107;011-0949-01-00005778;ST038
74;2023-07-16 13:00:39;CREATED;AZALEIA;1041107;011-0949-01-00005778;ST040
75;2023-07-16 13:00:39;CREATED;AZALEIA;1041107;011-0949-01-00005778;ST043
76;2023-07-16 13:00:39;CREATED;AZALEIA;1041107;011-0949-01-00005778;ST044
77;2023-07-16 13:00:39;CREATED;AZALEIA;1041107;011-0949-01-00005778;ST046
78;2023-07-16 13:00:39;CREATED;AZALEIA;1041107;011-0949-01-00005778;ST048
79;2023-07-16 13:00:39;CREATED;AZALEIA;1041107;011-0949-01-00005778;ST050
80;2023-07-16 13:00:39;CREATED;AZALEIA;1041107;011-0949-01-00005778;ST054
81;2023-07-16 13:00:39;CREATED;AZALEIA;1041107;011-0949-01-00005778;ST056
82;2023-07-16 13:00:39;CREATED;AZALEIA;1041107;011-0949-01-00005778;ST057
83;2023-07-16 13:00:39;CREATED;AZALEIA;1041107;011-0949-01-00005778;ST059
84;2023-07-16 13:00:39;CREATED;AZALEIA;1041107;011-0949-01-00005778;ST060
85;2023-07-16 13:00:39;CREATED;AZALEIA;1041107;011-0949-01-00005778;ST061
86;2023-07-16 13:00:39;CREATED;AZALEIA;1041107;011-0949-01-00005778;ST062
87;2023-07-16 13:00:39;CREATED;AZALEIA;1041109;00-018-032872;ST004
88;2023-07-16 13:00:39;CREATED;AZALEIA;1011101;CAJA TDA CASAPALCA ;ST002
89;2023-07-16 13:00:39;CREATED;AZALEIA;1011102;CAJA TDA  RP TRUJILLO ;ST050
90;2023-07-16 13:00:39;CREATED;AZALEIA;1011103;CAJA TDA  RP HUANUCO ;ST038
91;2023-07-16 13:00:39;CREATED;AZALEIA;1011104;CAJA TDA  RP PIURA  ;ST043
92;2023-07-16 13:00:39;CREATED;AZALEIA;1011105;CAJA TDA  RP CUSCO ;ST044
93;2023-07-16 13:00:39;CREATED;AZALEIA;1011106;CAJA TDA  RP PUCALLPA ;ST046
94;2023-07-16 13:00:39;CREATED;AZALEIA;1011107;CAJA TDA  RP PRIMAVERA ;ST020
95;2023-07-16 13:00:39;CREATED;AZALEIA;1011108;CAJA TDA  RP PURUCHUCO AZA ;ST056
96;2023-07-16 13:00:39;CREATED;AZALEIA;1011109;CAJA TDA  RP PURUCHUCO OLY ;ST057
97;2023-07-16 13:00:39;CREATED;AZALEIA;1011110;CAJA TDA  MAVENT. AREQUIPA ;ST032
98;2023-07-16 13:00:39;CREATED;AZALEIA;1011111;CAJA TDA  MAVENT. STA ANITA ;ST036
99;2023-07-16 13:00:39;CREATED;AZALEIA;1011112;CAJA TDA  MAVENT. CHICLAYO ;ST059
100;2023-07-16 13:00:39;CREATED;AZALEIA;1011113;CAJA TDA  PN OLY ;ST054
101;2023-07-16 13:00:39;CREATED;AZALEIA;1011114;CAJA TDA  PN AZA ;ST040
102;2023-07-16 13:00:39;CREATED;AZALEIA;1011115;CAJA TDA  OP ATOCONGO ;ST025
103;2023-07-16 13:00:39;CREATED;AZALEIA;1011116;CAJA TDA  OP PIURA ;ST024
104;2023-07-16 13:00:39;CREATED;AZALEIA;1011117;CAJA TDA  TDA JOCKEY PLAZA;ST003
105;2023-07-16 13:00:39;CREATED;AZALEIA;1011118;CAJA TDA  TDA TRUJILLO ;ST022
106;2023-07-16 13:00:39;CREATED;AZALEIA;1011119;CAJA TDA  MALL PLAZA TRUJILLO OLYMPIKUS  ;ST062
107;2023-07-16 13:00:39;CREATED;AZALEIA;1011120;CAJA TDA  MEGA PLAZA OLYMPIKUS ;ST007
108;2023-07-16 13:00:39;CREATED;AZALEIA;1011121;CAJA TDA  MEGA PLAZA AZALEIA  ;ST008
109;2023-07-16 13:00:39;CREATED;AZALEIA;1011122;CAJA TDA  C.C SAN MIGUEL ;ST016
110;2023-07-16 13:00:39;CREATED;AZALEIA;1011123;CAJA TDA  C.C LAMBRAMANI ARQ ;ST060
111;2023-07-16 13:00:39;CREATED;AZALEIA;1011124;CAJA TDA  C.C BOULEVARD ASIA ;ST061
112;2023-07-16 13:00:39;CREATED;AZALEIA;1011125;CAJA TDA  C.C MALL SUR ;ST048
113;2023-07-16 13:00:39;CREATED;AZALEIA;1011126;CAJA TDA  PLAZA DEL SOL ICA;ST029
114;2023-07-16 13:00:39;CREATED;AZALEIA;1011127;CAJA TDA  CATALOGO ;ST004
115;2023-07-16 13:00:39;CREATED;AZALEIA;1011128;CAJA TDA  ECOMMERCE ;ST023
116;2023-07-16 13:00:39;CREATED;AZALEIA;1013101;CAJA TDA CASAPALCA -  NIUBIZ;ST002
117;2023-07-16 13:00:39;CREATED;AZALEIA;1013102;CAJA TDA CASAPALCA -  IZIPAY;ST002
118;2023-07-16 13:00:39;CREATED;AZALEIA;1013103;CAJA TDA CASAPALCA -  CULQI;ST002
119;2023-07-16 13:00:39;CREATED;AZALEIA;1013104;CAJA TDA CASAPALCA -  AMEX;ST002
120;2023-07-16 13:00:39;CREATED;AZALEIA;1013105;CAJA TDA CASAPALCA -  DINERS;ST002
121;2023-07-16 13:00:39;CREATED;AZALEIA;1013106;CAJA TDA RP TRUJILLO -  NIUBIZ;ST050
122;2023-07-16 13:00:39;CREATED;AZALEIA;1013107;CAJA TDA RP TRUJILLO -  IZIPAY;ST050
123;2023-07-16 13:00:39;CREATED;AZALEIA;1013108;CAJA TDA RP TRUJILLO -  CULQI;ST050
124;2023-07-16 13:00:39;CREATED;AZALEIA;1013109;CAJA TDA RP TRUJILLO -  AMEX;ST050
125;2023-07-16 13:00:39;CREATED;AZALEIA;1013110;CAJA TDA RP TRUJILLO -  DINERS;ST050
126;2023-07-16 13:00:39;CREATED;AZALEIA;1013111;CAJA TDA RP HUANUCO -  NIUBIZ;ST038
127;2023-07-16 13:00:39;CREATED;AZALEIA;1013112;CAJA TDA RP HUANUCO -  IZIPAY;ST038
128;2023-07-16 13:00:39;CREATED;AZALEIA;1013113;CAJA TDA RP HUANUCO -  CULQI;ST038
129;2023-07-16 13:00:39;CREATED;AZALEIA;1013114;CAJA TDA RP HUANUCO -  AMEX;ST038
130;2023-07-16 13:00:39;CREATED;AZALEIA;1013115;CAJA TDA RP HUANUCO -  DINERS;ST038
131;2023-07-16 13:00:39;CREATED;AZALEIA;1013116;CAJA TDA RP PIURA -  VISA;ST043
132;2023-07-16 13:00:39;CREATED;AZALEIA;1013117;CAJA TDA RP PIURA -  IZIPAY;ST043
133;2023-07-16 13:00:39;CREATED;AZALEIA;1013118;CAJA TDA RP PIURA -  CULQI;ST043
134;2023-07-16 13:00:39;CREATED;AZALEIA;1013119;CAJA TDA RP PIURA -  AMEX;ST043
135;2023-07-16 13:00:39;CREATED;AZALEIA;1013120;CAJA TDA RP PIURA -  DINERS;ST043
136;2023-07-16 13:00:39;CREATED;AZALEIA;1013121;CAJA TDA RP CUSCO -  NIUBIZ;ST044
137;2023-07-16 13:00:39;CREATED;AZALEIA;1013122;CAJA TDA RP CUSCO -  IZIPAY;ST044
138;2023-07-16 13:00:39;CREATED;AZALEIA;1013123;CAJA TDA RP CUSCO -  CULQI;ST044
139;2023-07-16 13:00:39;CREATED;AZALEIA;1013124;CAJA TDA RP CUSCO -  AMEX;ST044
140;2023-07-16 13:00:39;CREATED;AZALEIA;1013125;CAJA TDA RP CUSCO -  DINERS;ST044
141;2023-07-16 13:00:39;CREATED;AZALEIA;1013126;CAJA TDA RP PUCALLPA -  NIUBIZ;ST046
142;2023-07-16 13:00:39;CREATED;AZALEIA;1013127;CAJA TDA RP PUCALLPA -  IZIPAY;ST046
143;2023-07-16 13:00:39;CREATED;AZALEIA;1013128;CAJA TDA RP PUCALLPA -  CULQI;ST046
144;2023-07-16 13:00:39;CREATED;AZALEIA;1013129;CAJA TDA RP PUCALLPA -  AMEX;ST046
145;2023-07-16 13:00:39;CREATED;AZALEIA;1013130;CAJA TDA RP PUCALLPA -  DINERS;ST046
146;2023-07-16 13:00:39;CREATED;AZALEIA;1013131;CAJA TDA RP PRIMAV. -  NIUBIZ;ST020
147;2023-07-16 13:00:39;CREATED;AZALEIA;1013132;CAJA TDA RP PRIMAV. -  IZIPAY;ST020
148;2023-07-16 13:00:39;CREATED;AZALEIA;1013133;CAJA TDA RP PRIMAV. -  CULQI;ST020
149;2023-07-16 13:00:39;CREATED;AZALEIA;1013134;CAJA TDA RP PRIMAV. -  AMEX;ST020
150;2023-07-16 13:00:39;CREATED;AZALEIA;1013135;CAJA TDA RP PRIMAV. -  DINERS;ST020
151;2023-07-16 13:00:39;CREATED;AZALEIA;1013136;CAJA TDA RP PURUC. AZA - NIUBIZ;ST056
152;2023-07-16 13:00:39;CREATED;AZALEIA;1013137;CAJA TDA RP PURUC. AZA - IZIPAY;ST056
153;2023-07-16 13:00:39;CREATED;AZALEIA;1013138;CAJA TDA RP PURUC. AZA - CULQI;ST056
154;2023-07-16 13:00:39;CREATED;AZALEIA;1013139;CAJA TDA RP PURUC. AZA - AMEX;ST056
155;2023-07-16 13:00:39;CREATED;AZALEIA;1013140;CAJA TDA RP PURUC. AZA - DINERS;ST056
156;2023-07-16 13:00:39;CREATED;AZALEIA;1013141;CAJA TDA RP PURUC. OLY - NIUBIZ;ST057
157;2023-07-16 13:00:39;CREATED;AZALEIA;1013142;CAJA TDA RP PURUC. OLY - IZIPAY;ST057
158;2023-07-16 13:00:39;CREATED;AZALEIA;1013143;CAJA TDA RP PURUC. OLY - CULQI;ST057
159;2023-07-16 13:00:39;CREATED;AZALEIA;1013144;CAJA TDA RP PURUC. OLY - AMEX;ST057
160;2023-07-16 13:00:39;CREATED;AZALEIA;1013145;CAJA TDA RP PURUC. OLY - DINERS;ST057
161;2023-07-16 13:00:39;CREATED;AZALEIA;1013146;CAJA TDA MAV. AREQ. - NIUBIZ;ST032
162;2023-07-16 13:00:39;CREATED;AZALEIA;1013147;CAJA TDA MAV. AREQ. - IZIPAY;ST032
163;2023-07-16 13:00:39;CREATED;AZALEIA;1013148;CAJA TDA MAV. AREQ. - CULQI;ST032
164;2023-07-16 13:00:39;CREATED;AZALEIA;1013149;CAJA TDA MAV. AREQ. - AMEX;ST032
165;2023-07-16 13:00:39;CREATED;AZALEIA;1013150;CAJA TDA MAV. AREQ. -  DINERS;ST032
166;2023-07-16 13:00:39;CREATED;AZALEIA;1013151;CAJA TDA MAV. STA ANITA - NIUBIZ;ST036
167;2023-07-16 13:00:39;CREATED;AZALEIA;1013152;CAJA TDA MAV. STA ANITA - IZIPAY;ST036
168;2023-07-16 13:00:39;CREATED;AZALEIA;1013153;CAJA TDA MAV. STA ANITA - CULQI;ST036
169;2023-07-16 13:00:39;CREATED;AZALEIA;1013154;CAJA TDA MAV. STA ANITA - AMEX;ST036
170;2023-07-16 13:00:39;CREATED;AZALEIA;1013155;CAJA TDA MAV. STA ANITA - DINERS;ST036
171;2023-07-16 13:00:39;CREATED;AZALEIA;1013156;CAJA TDA MAV. CHICLAYO - NIUBIZ;ST059
172;2023-07-16 13:00:39;CREATED;AZALEIA;1013157;CAJA TDA MAV. CHICLAYO - IZIPAY;ST059
173;2023-07-16 13:00:39;CREATED;AZALEIA;1013158;CAJA TDA MAV. CHICLAYO - CULQI;ST059
174;2023-07-16 13:00:39;CREATED;AZALEIA;1013159;CAJA TDA MAV. CHICLAYO - AMEX;ST059
175;2023-07-16 13:00:39;CREATED;AZALEIA;1013160;CAJA TDA MAV. CHICLAYO - DINERS;ST059
176;2023-07-16 13:00:39;CREATED;AZALEIA;1013161;CAJA TDA PNORT. OLY- NIUBIZ;ST054
177;2023-07-16 13:00:39;CREATED;AZALEIA;1013162;CAJA TDA PNORT. OLY- IZIPAY;ST054
178;2023-07-16 13:00:39;CREATED;AZALEIA;1013163;CAJA TDA PNORT. OLY- CULQI;ST054
179;2023-07-16 13:00:39;CREATED;AZALEIA;1013164;CAJA TDA PNORT. OLY- AMEX;ST054
180;2023-07-16 13:00:39;CREATED;AZALEIA;1013165;CAJA TDA PNORT. OLY- DINERS;ST054
181;2023-07-16 13:00:39;CREATED;AZALEIA;1013166;CAJA TDA PNORT. AZA - NIUBIZ;ST040
182;2023-07-16 13:00:39;CREATED;AZALEIA;1013167;CAJA TDA PNORT. AZA - IZIPAY;ST040
183;2023-07-16 13:00:39;CREATED;AZALEIA;1013168;CAJA TDA PNORT. AZA - CULQI;ST040
184;2023-07-16 13:00:39;CREATED;AZALEIA;1013169;CAJA TDA PNORT. AZA - AMEX;ST040
185;2023-07-16 13:00:39;CREATED;AZALEIA;1013170;CAJA TDA PNORT. AZA - DINERS;ST040
186;2023-07-16 13:00:39;CREATED;AZALEIA;1013171;CAJA TDA OP ATOCONGO - NIUBIZ;ST025
187;2023-07-16 13:00:39;CREATED;AZALEIA;1013172;CAJA TDA OP ATOCONGO - IZIPAY;ST025
188;2023-07-16 13:00:39;CREATED;AZALEIA;1013173;CAJA TDA OP ATOCONGO - CULQI;ST025
189;2023-07-16 13:00:39;CREATED;AZALEIA;1013174;CAJA TDA OP ATOCONGO - AMEX;ST025
190;2023-07-16 13:00:39;CREATED;AZALEIA;1013175;CAJA TDA OP ATOCONGO - DINERS;ST025
191;2023-07-16 13:00:39;CREATED;AZALEIA;1013176;CAJA TDA OP PIURA - NIUBIZ;ST024
192;2023-07-16 13:00:39;CREATED;AZALEIA;1013177;CAJA TDA OP PIURA - IZIPAY;ST024
193;2023-07-16 13:00:39;CREATED;AZALEIA;1013178;CAJA TDA OP PIURA - CULQI;ST024
194;2023-07-16 13:00:39;CREATED;AZALEIA;1013179;CAJA TDA OP PIURA - AMEX;ST024
195;2023-07-16 13:00:39;CREATED;AZALEIA;1013180;CAJA TDA OP PIURA - DINERS;ST024
196;2023-07-16 13:00:39;CREATED;AZALEIA;1013181;CAJA TDA JOCKEY PLAZA - NIUBIZ;ST003
197;2023-07-16 13:00:39;CREATED;AZALEIA;1013182;CAJA TDA JOCKEY PLAZA - IZIPAY;ST003
198;2023-07-16 13:00:39;CREATED;AZALEIA;1013183;CAJA TDA JOCKEY PLAZA - CULQI;ST003
199;2023-07-16 13:00:39;CREATED;AZALEIA;1013184;CAJA TDA JOCKEY PLAZA - AMEX;ST003
200;2023-07-16 13:00:39;CREATED;AZALEIA;1013185;CAJA TDA JOCKEY PLAZA - DINERS;ST003
201;2023-07-16 13:00:39;CREATED;AZALEIA;1013186;CAJA TDA TRUJILLO - NIUBIZ;ST022
202;2023-07-16 13:00:39;CREATED;AZALEIA;1013187;CAJA TDA TRUJILLO - IZIPAY;ST022
203;2023-07-16 13:00:39;CREATED;AZALEIA;1013188;CAJA TDA TRUJILLO - CULQI;ST022
204;2023-07-16 13:00:39;CREATED;AZALEIA;1013189;CAJA TDA TRUJILLO - AMEX;ST022
205;2023-07-16 13:00:39;CREATED;AZALEIA;1013190;CAJA TDA TRUJILLO - DINERS;ST022
206;2023-07-16 13:00:39;CREATED;AZALEIA;1013191;CAJA TDA M.PLAZ.TRUJ.OLY - NIUBIZ;ST062
207;2023-07-16 13:00:39;CREATED;AZALEIA;1013192;CAJA TDA M.PLAZ.TRUJ.OLY - IZIPAY;ST062
208;2023-07-16 13:00:39;CREATED;AZALEIA;1013193;CAJA TDA M.PLAZ.TRUJ.OLY - CULQUI;ST062
209;2023-07-16 13:00:39;CREATED;AZALEIA;1013194;CAJA TDA M.PLAZ.TRUJ.OLY - AMEX;ST062
210;2023-07-16 13:00:39;CREATED;AZALEIA;1013195;CAJA TDA M.PLAZ.TRUJ.OLY - DINERS;ST062
211;2023-07-16 13:00:39;CREATED;AZALEIA;1013196;CAJA TDA MEGA PLAZA OLY. - NIUBIZ;ST007
212;2023-07-16 13:00:39;CREATED;AZALEIA;1013197;CAJA TDA MEGA PLAZA OLY. - IZIPAY;ST007
213;2023-07-16 13:00:39;CREATED;AZALEIA;1013198;CAJA TDA MEGA PLAZA OLY. - CULQUI;ST007
214;2023-07-16 13:00:39;CREATED;AZALEIA;1013199;CAJA TDA MEGA PLAZA OLY. - AMEX;ST007
215;2023-07-16 13:00:39;CREATED;AZALEIA;1013200;CAJA TDA MEGA PLAZA OLY. - DINERS;ST007
216;2023-07-16 13:00:39;CREATED;AZALEIA;1013201;CAJA TDA MEGA PLAZA AZA. - NIUBIZ;ST008
217;2023-07-16 13:00:39;CREATED;AZALEIA;1013202;CAJA TDA MEGA PLAZA AZA. - IZIPAY;ST008
218;2023-07-16 13:00:39;CREATED;AZALEIA;1013203;CAJA TDA MEGA PLAZA AZA. - CULQUI;ST008
219;2023-07-16 13:00:39;CREATED;AZALEIA;1013204;CAJA TDA MEGA PLAZA AZA. - AMEX;ST008
220;2023-07-16 13:00:39;CREATED;AZALEIA;1013205;CAJA TDA MEGA PLAZA AZA. - DINERS;ST008
221;2023-07-16 13:00:39;CREATED;AZALEIA;1013206;CAJA TDA C.C SAN MIGUEL - NIUBIZ;ST016
222;2023-07-16 13:00:39;CREATED;AZALEIA;1013207;CAJA TDA C.C SAN MIGUEL - IZIPAY;ST016
223;2023-07-16 13:00:39;CREATED;AZALEIA;1013208;CAJA TDA C.C SAN MIGUEL - CULQI;ST016
224;2023-07-16 13:00:39;CREATED;AZALEIA;1013209;CAJA TDA C.C SAN MIGUEL - AMEX;ST016
225;2023-07-16 13:00:39;CREATED;AZALEIA;1013210;CAJA TDA C.C SAN MIGUEL - DINERS;ST016
226;2023-07-16 13:00:39;CREATED;AZALEIA;1013211;CAJA TDA C.C LAMBRAM. ARQ - NIUBIZ;ST060
227;2023-07-16 13:00:39;CREATED;AZALEIA;1013212;CAJA TDA C.C LAMBRAM. ARQ - IZIPAY;ST060
228;2023-07-16 13:00:39;CREATED;AZALEIA;1013213;CAJA TDA C.C LAMBRAM. ARQ - CULQI;ST060
229;2023-07-16 13:00:39;CREATED;AZALEIA;1013214;CAJA TDA C.C LAMBRAM. ARQ - AMEX;ST060
230;2023-07-16 13:00:39;CREATED;AZALEIA;1013215;CAJA TDA C.C LAMBRAM. ARQ - DINERS;ST060
231;2023-07-16 13:00:39;CREATED;AZALEIA;1013216;CAJA TDA C.C BOUL. ASIA - NIUBIZ;ST061
232;2023-07-16 13:00:39;CREATED;AZALEIA;1013217;CAJA TDA C.C BOUL. ASIA - IZIPAY;ST061
233;2023-07-16 13:00:39;CREATED;AZALEIA;1013218;CAJA TDA C.C BOUL. ASIA - CULQI;ST061
234;2023-07-16 13:00:39;CREATED;AZALEIA;1013219;CAJA TDA C.C BOUL. ASIA - AMEX;ST061
235;2023-07-16 13:00:39;CREATED;AZALEIA;1013220;CAJA TDA C.C BOUL. ASIA - DINERS;ST061
236;2023-07-16 13:00:39;CREATED;AZALEIA;1013221;CAJA TDA C.C MALL SUR - NIUBIZ;ST048
237;2023-07-16 13:00:39;CREATED;AZALEIA;1013222;CAJA TDA C.C MALL SUR - IZIPAY;ST048
238;2023-07-16 13:00:39;CREATED;AZALEIA;1013223;CAJA TDA C.C MALL SUR - CULQI;ST048
239;2023-07-16 13:00:39;CREATED;AZALEIA;1013224;CAJA TDA C.C MALL SUR - AMEX;ST048
240;2023-07-16 13:00:39;CREATED;AZALEIA;1013225;CAJA TDA C.C MALL SUR - DINERS;ST048
241;2023-07-16 13:00:39;CREATED;AZALEIA;1013226;CAJA TDA PLAZA SOL ICA - NIUBIZ;ST029
242;2023-07-16 13:00:39;CREATED;AZALEIA;1013227;CAJA TDA PLAZA SOL ICA - IZIPAY;ST029
243;2023-07-16 13:00:39;CREATED;AZALEIA;1013228;CAJA TDA PLAZA SOL ICA - CULQI;ST029
244;2023-07-16 13:00:39;CREATED;AZALEIA;1013229;CAJA TDA PLAZA SOL ICA - AMEX;ST029
245;2023-07-16 13:00:39;CREATED;AZALEIA;1013230;CAJA TDA PLAZA SOL ICA - DINERS;ST029
246;2023-07-16 13:00:39;CREATED;AZALEIA;1013231;CAJA TDA CATALOGO - NIUBIZ;ST004
247;2023-07-16 13:00:39;CREATED;AZALEIA;1013232;CAJA TDA CATALOGO - IZIPAY;ST004
248;2023-07-16 13:00:39;CREATED;AZALEIA;1013233;CAJA TDA CATALOGO - CULQI;ST004
249;2023-07-16 13:00:39;CREATED;AZALEIA;1013234;CAJA TDA CATALOGO - AMEX;ST004
250;2023-07-16 13:00:39;CREATED;AZALEIA;1013235;CAJA TDA CATALOGO - DINERS;ST004
251;2023-07-16 13:00:39;CREATED;AZALEIA;1013236;CAJA TDA ECOMMERCE - NIUBIZ;ST023
252;2023-07-16 13:00:39;CREATED;AZALEIA;1013237;CAJA TDA ECOMMERCE - IZIPAY;ST023
253;2023-07-16 13:00:39;CREATED;AZALEIA;1013238;CAJA TDA ECOMMERCE - CULQUI;ST023
254;2023-07-16 13:00:39;CREATED;AZALEIA;1013239;CAJA TDA ECOMMERCE - AMEX;ST023
255;2023-07-16 13:00:39;CREATED;AZALEIA;1013240;CAJA TDA ECOMMERCE - IZIPAY;ST023
256;2023-07-16 13:00:39;CREATED;AZALEIA;1031101;CAJA RECIBO POR HONORARIO;ST002
257;2023-07-16 13:00:39;CREATED;AZALEIA;1031101;CAJA RECIBO POR HONORARIO;ST003
258;2023-07-16 13:00:39;CREATED;AZALEIA;1031101;CAJA RECIBO POR HONORARIO;ST004
259;2023-07-16 13:00:39;CREATED;AZALEIA;1031101;CAJA RECIBO POR HONORARIO;ST007
260;2023-07-16 13:00:39;CREATED;AZALEIA;1031101;CAJA RECIBO POR HONORARIO;ST008
261;2023-07-16 13:00:39;CREATED;AZALEIA;1031101;CAJA RECIBO POR HONORARIO;ST016
262;2023-07-16 13:00:39;CREATED;AZALEIA;1031101;CAJA RECIBO POR HONORARIO;ST020
263;2023-07-16 13:00:39;CREATED;AZALEIA;1031101;CAJA RECIBO POR HONORARIO;ST022
264;2023-07-16 13:00:39;CREATED;AZALEIA;1031101;CAJA RECIBO POR HONORARIO;ST023
265;2023-07-16 13:00:39;CREATED;AZALEIA;1031101;CAJA RECIBO POR HONORARIO;ST024
266;2023-07-16 13:00:39;CREATED;AZALEIA;1031101;CAJA RECIBO POR HONORARIO;ST025
267;2023-07-16 13:00:39;CREATED;AZALEIA;1031101;CAJA RECIBO POR HONORARIO;ST029
268;2023-07-16 13:00:39;CREATED;AZALEIA;1031101;CAJA RECIBO POR HONORARIO;ST032
269;2023-07-16 13:00:39;CREATED;AZALEIA;1031101;CAJA RECIBO POR HONORARIO;ST036
270;2023-07-16 13:00:39;CREATED;AZALEIA;1031101;CAJA RECIBO POR HONORARIO;ST038
271;2023-07-16 13:00:39;CREATED;AZALEIA;1031101;CAJA RECIBO POR HONORARIO;ST040
272;2023-07-16 13:00:39;CREATED;AZALEIA;1031101;CAJA RECIBO POR HONORARIO;ST043
273;2023-07-16 13:00:39;CREATED;AZALEIA;1031101;CAJA RECIBO POR HONORARIO;ST044
274;2023-07-16 13:00:39;CREATED;AZALEIA;1031101;CAJA RECIBO POR HONORARIO;ST046
275;2023-07-16 13:00:39;CREATED;AZALEIA;1031101;CAJA RECIBO POR HONORARIO;ST048
276;2023-07-16 13:00:39;CREATED;AZALEIA;1031101;CAJA RECIBO POR HONORARIO;ST050
277;2023-07-16 13:00:39;CREATED;AZALEIA;1031101;CAJA RECIBO POR HONORARIO;ST054
278;2023-07-16 13:00:39;CREATED;AZALEIA;1031101;CAJA RECIBO POR HONORARIO;ST056
279;2023-07-16 13:00:39;CREATED;AZALEIA;1031101;CAJA RECIBO POR HONORARIO;ST057
280;2023-07-16 13:00:39;CREATED;AZALEIA;1031101;CAJA RECIBO POR HONORARIO;ST059
281;2023-07-16 13:00:39;CREATED;AZALEIA;1031101;CAJA RECIBO POR HONORARIO;ST060
282;2023-07-16 13:00:39;CREATED;AZALEIA;1031101;CAJA RECIBO POR HONORARIO;ST061
283;2023-07-16 13:00:39;CREATED;AZALEIA;1031101;CAJA RECIBO POR HONORARIO;ST062
284;2023-07-16 13:00:39;CREATED;AZALEIA;4699103;CANC.DE N/C CON TARJ.CREDITO;ST002
285;2023-07-16 13:00:39;CREATED;AZALEIA;4699103;CANC.DE N/C CON TARJ.CREDITO;ST003
286;2023-07-16 13:00:39;CREATED;AZALEIA;4699103;CANC.DE N/C CON TARJ.CREDITO;ST004
287;2023-07-16 13:00:39;CREATED;AZALEIA;4699103;CANC.DE N/C CON TARJ.CREDITO;ST007
288;2023-07-16 13:00:39;CREATED;AZALEIA;4699103;CANC.DE N/C CON TARJ.CREDITO;ST008
289;2023-07-16 13:00:39;CREATED;AZALEIA;4699103;CANC.DE N/C CON TARJ.CREDITO;ST016
290;2023-07-16 13:00:39;CREATED;AZALEIA;4699103;CANC.DE N/C CON TARJ.CREDITO;ST020
291;2023-07-16 13:00:39;CREATED;AZALEIA;4699103;CANC.DE N/C CON TARJ.CREDITO;ST022
292;2023-07-16 13:00:39;CREATED;AZALEIA;4699103;CANC.DE N/C CON TARJ.CREDITO;ST023
293;2023-07-16 13:00:39;CREATED;AZALEIA;4699103;CANC.DE N/C CON TARJ.CREDITO;ST024
294;2023-07-16 13:00:39;CREATED;AZALEIA;4699103;CANC.DE N/C CON TARJ.CREDITO;ST025
295;2023-07-16 13:00:39;CREATED;AZALEIA;4699103;CANC.DE N/C CON TARJ.CREDITO;ST029
296;2023-07-16 13:00:39;CREATED;AZALEIA;4699103;CANC.DE N/C CON TARJ.CREDITO;ST032
297;2023-07-16 13:00:39;CREATED;AZALEIA;4699103;CANC.DE N/C CON TARJ.CREDITO;ST036
298;2023-07-16 13:00:39;CREATED;AZALEIA;4699103;CANC.DE N/C CON TARJ.CREDITO;ST038
299;2023-07-16 13:00:39;CREATED;AZALEIA;4699103;CANC.DE N/C CON TARJ.CREDITO;ST040
300;2023-07-16 13:00:39;CREATED;AZALEIA;4699103;CANC.DE N/C CON TARJ.CREDITO;ST043
301;2023-07-16 13:00:39;CREATED;AZALEIA;4699103;CANC.DE N/C CON TARJ.CREDITO;ST044
302;2023-07-16 13:00:39;CREATED;AZALEIA;4699103;CANC.DE N/C CON TARJ.CREDITO;ST046
303;2023-07-16 13:00:39;CREATED;AZALEIA;4699103;CANC.DE N/C CON TARJ.CREDITO;ST048
304;2023-07-16 13:00:39;CREATED;AZALEIA;4699103;CANC.DE N/C CON TARJ.CREDITO;ST050
305;2023-07-16 13:00:39;CREATED;AZALEIA;4699103;CANC.DE N/C CON TARJ.CREDITO;ST054
306;2023-07-16 13:00:39;CREATED;AZALEIA;4699103;CANC.DE N/C CON TARJ.CREDITO;ST056
307;2023-07-16 13:00:39;CREATED;AZALEIA;4699103;CANC.DE N/C CON TARJ.CREDITO;ST057
308;2023-07-16 13:00:39;CREATED;AZALEIA;4699103;CANC.DE N/C CON TARJ.CREDITO;ST059
309;2023-07-16 13:00:39;CREATED;AZALEIA;4699103;CANC.DE N/C CON TARJ.CREDITO;ST060
310;2023-07-16 13:00:39;CREATED;AZALEIA;4699103;CANC.DE N/C CON TARJ.CREDITO;ST061
311;2023-07-16 13:00:39;CREATED;AZALEIA;4699103;CANC.DE N/C CON TARJ.CREDITO;ST062
